URL,Title,Description,Keywords,Missing_Title,Missing_Description,Missing_Keywords
https://www.schmittchevrolet.com/,Jack Schmitt Chevrolet of Wood River | New & Used Chevrolet Cars,"Visit us at Jack Schmitt Chevrolet of Wood River in Wood River for your new or used Chevrolet car. We're proud to serve Alton IL, Collinsville IL, Edwardsville IL and Granite City.",No Keywords,0,0,1
https://www.schmittchevrolet.com/about-us/,About Jack Schmitt Chevrolet of Wood River in Wood River | IL Chevrolet Dealer Information,"Visit your Wood River, IL Chevrolet dealer today! Jack Schmitt Chevrolet of Wood River, serving Wood River with new Chevrolet vehicles, used cars, car loans, leases and financing, auto parts, and automotive service and repair.",No Keywords,0,0,1
https://www.schmittchevrolet.com/careers/employment-application/,Employment Application | Jack Schmitt Chevrolet of Wood River serving Granite City,Fill out our secure online form and upload your resume to apply for a position on the Jack Schmitt Chevrolet of Wood River team in Wood River. Apply today!,No Keywords,0,0,1
https://www.schmittchevrolet.com/blog-posts-sitemap/,Blog Posts Sitemap | Jack Schmitt Chevrolet of Wood River serving Collinsville,"Contact Jack Schmitt Chevrolet of Wood River, near Collinsville, IL, to learn more about the latest Chevrolet vehicle models and features.",No Keywords,0,0,1
https://www.schmittchevrolet.com/about-us/customer-testimonials/,Wood River Chevrolet Dealer Reviews | Jack Schmitt Chevrolet of Wood River,"Read what our customers are saying about us! Jack Schmitt Chevrolet of Wood River serving Collinsville, Wood River, Alton, and Edwardsville.",No Keywords,0,0,1
https://www.schmittchevrolet.com/comparisons-sitemap/,Comparisons Sitemap | Jack Schmitt Chevrolet of Wood River near Edwardsville,The staff at Jack Schmitt Chevrolet of Wood River is eager to assist you in your car buying process. Visit our website to compare the newest Chevrolet models to other brands.,No Keywords,0,0,1
https://www.schmittchevrolet.com/new-vehicles/,"89 New Chevrolet Cars, SUVs in Stock | Jack Schmitt Chevrolet of Wood River","With 89 new Chevrolet vehicles in stock, Jack Schmitt Chevrolet of Wood River has what you're searching for. See our extensive inventory online now!",No Keywords,0,0,1
https://www.schmittchevrolet.com/finance/,Auto Financing in Wood River | Jack Schmitt Chevrolet of Wood River,Simplify the process of getting a car loan by completing our online pre-approval application. The Finance team at Jack Schmitt Chevrolet of Wood River is happy to help you.,No Keywords,0,0,1
https://www.schmittchevrolet.com/finance/apply-for-financing/,Apply for Auto Financing in Wood River | Jack Schmitt Chevrolet of Wood River,"Don't wait, apply for auto-financing pre-approval today! Our Finance Team is standing by to help you get into the new or used vehicles you want.",No Keywords,0,0,1
https://www.schmittchevrolet.com/models-sitemap/,Chevrolet Models Sitemap | Jack Schmitt Chevrolet of Wood River serving Edwardsville,Jack Schmitt Chevrolet of Wood River has maintained our solid commitment to offering the widest selection of automobiles and exceptional financing options to our customers.,No Keywords,0,0,1
https://www.schmittchevrolet.com/new-vehicles/new-vehicle-specials/,Current New Chevrolet Specials Offers | Jack Schmitt Chevrolet of Wood River,Save on the new car or SUV you really want with Jack Schmitt Chevrolet of Wood River's current Chevrolet special offers. Check out our current sales!,No Keywords,0,0,1
https://www.schmittchevrolet.com/used-vehicles/,"211 Used Cars, Trucks, SUVs in Stock in Wood River | Jack Schmitt Chevrolet of Wood River","Jack Schmitt Chevrolet of Wood River has 211 pre-owned cars, trucks and SUVs in stock and waiting for you now! Let our team help you find what you're searching for.",No Keywords,0,0,1
https://www.schmittchevrolet.com/payment-calculator/,Monthly Car Payment Calculator | Jack Schmitt Chevrolet of Wood River,Use Jack Schmitt Chevrolet of Wood River's payment calculator to easily estimate and compare monthly payments on your next vehicle purchase.,No Keywords,0,0,1
https://www.schmittchevrolet.com/parts/,Genuine Chevrolet Parts | Jack Schmitt Chevrolet of Wood River near Alton,Jack Schmitt Chevrolet of Wood River is dedicated to providing you with genuine Chevrolet parts. Our highly trained technicians are here to answer all your questions!,No Keywords,0,0,1
https://www.schmittchevrolet.com/parts/contact-parts/,Contact Our Parts Department | Jack Schmitt Chevrolet of Wood River,"If you have any questions about what parts you need, complete our website form and a friendly Jack Schmitt Chevrolet of Wood River technician will get back to you.",No Keywords,0,0,1
https://www.schmittchevrolet.com/used-vehicles/certified-pre-owned-vehicles/,6 Certified Pre-Owned Chevrolet's in Stock | Jack Schmitt Chevrolet of Wood River,"Our extensive selection of certified pre-owned Chevrolet vehicles deliver the features and comforts you love, at an unbelievable price. See our CPO inventory online today!",No Keywords,0,0,1
https://www.schmittchevrolet.com/service/contact-service/,Contact Our Service Department | Jack Schmitt Chevrolet of Wood River,"Have a question? Our skilled service staff is here to answer questions about all makes and models. Complete our contact form, and we'll be in touch.",No Keywords,0,0,1
https://www.schmittchevrolet.com/used-vehicles/pre-owned-vehicle-specials/,"Used, Pre-Owned Auto Specials | Jack Schmitt Chevrolet of Wood River Serving Collinsville",Save on the used car or SUV that you want with Jack Schmitt Chevrolet of Wood River's pre-owned special offers. Check out the great deals we have going on now!,No Keywords,0,0,1
https://www.schmittchevrolet.com/sitemap/,Sitemap | Jack Schmitt Chevrolet of Wood River serving Edwardsville,"Jack Schmitt Chevrolet of Wood River offers financing, sales and service for all available makes in our large inventory of new and used cars and SUVs.",No Keywords,0,0,1
https://www.schmittchevrolet.com/terms-of-use/,Terms & Conditions | Jack Schmitt Chevrolet of Wood River,"View the terms and conditions of the Jack Schmitt Chevrolet of Wood River website! If you have any questions, visit us in person or contact us today!",No Keywords,0,0,1
https://www.schmittchevrolet.com/value-your-trade/,What's Your Trade In Worth? | Jack Schmitt Chevrolet of Wood River,"Discover what your car, truck or SUV is worth! You're just a few clicks away from the trade-in value of your vehicle, from Jack Schmitt Chevrolet of Wood River.",No Keywords,0,0,1
https://www.schmittchevrolet.com/vehicle-finder-service/,Vehicle Finder Service | Jack Schmitt Chevrolet of Wood River near Collinsville,"Check out Jack Schmitt Chevrolet of Wood River's easy-to-use Vehicle Finder Service to find the new or used car, truck or SUV you really want. Start your vehicle search today!",No Keywords,0,0,1
https://www.schmittchevrolet.com/scd-online-retailing/,Shop Click Drive | Jack Schmitt Chevrolet of Wood River,We make it easy and convenient to shop your way. Use Jack Schmitt Chevrolet of Wood River's Shop Click Drive online purchase program to buy your next vehicle. Learn more now.,No Keywords,0,0,1
https://www.schmittchevrolet.com/service/,"Auto Service, Oil Change & Car Maintenance near Collinsville","From oil changes to tire rotations, the service experts at Jack Schmitt Chevrolet of Wood River have the know-how to properly care for every make and model. Visit us today!",No Keywords,0,0,1
https://www.schmittchevrolet.com/service/serviceapptform/,Schedule Auto Service and Maintenance | Jack Schmitt Chevrolet of Wood River,"Schedule your next service appointment and let the knowledgeable technicians at Jack Schmitt Chevrolet of Wood River get your car, truck, or SUV into top condition.",No Keywords,0,0,1
https://www.schmittchevrolet.com/service/serviceandpartsspecials/,Auto Service & Parts Specials | Jack Schmitt Chevrolet of Wood River,Save today with discounts on the auto services you need most at Jack Schmitt Chevrolet of Wood River! Our experts service all makes and models.,No Keywords,0,0,1
https://www.schmittchevrolet.com/contactusform/,"Contact Jack Schmitt Chevrolet of Wood River | 1870 E. Edwardsville Rd. Wood River, IL 62095 | (618) 259-4900","Contact a member of our Jack Schmitt Chevrolet of Wood River team to schedule a test drive, get a quote, or to order parts or accessories. We'll answer your inquiry promptly!",No Keywords,0,0,1
https://www.schmittchevrolet.com/parts/partsorderform/,Order Genuine Chevrolet Parts Online | Jack Schmitt Chevrolet of Wood River,"Contact a Parts Specialist at Jack Schmitt Chevrolet of Wood River to order the parts you need for your car, truck or SUV. Fill out our online form to place your order today!",No Keywords,0,0,1
https://www.schmittchevrolet.com/careers/,"Collinsville & Saint Louis, MO Automotive Job | Jack Schmitt Chevrolet of Wood River",Jack Schmitt Chevrolet of Wood River is seeking qualified applicants to join our team. Check out our available career opportunities in Wood River and apply today!,No Keywords,0,0,1
https://www.schmittchevrolet.com/about-us/reviews/,Leave a review for Jack Schmitt Chevrolet of Wood River,"Leave a review for us! Jack Schmitt Chevrolet of Wood River serving Collinsville, Wood River, Alton, and Edwardsville.",No Keywords,0,0,1
https://www.schmittchevrolet.com/certifiedvehicles/,Certified Pre-Owned Benefits | Jack Schmitt Chevrolet of Wood River,Enjoy the benefits that come along with owning a certified pre-owned Chevrolet. View information about the certification process and warranty perks now.,No Keywords,0,0,1
https://www.schmittchevrolet.com/tirefinder/,Online Tire Finder | Jack Schmitt Chevrolet of Wood River,"We can help you with all your tire sales and service needs. Use Jack Schmitt Chevrolet of Wood River's tire finder tool to find the right tires for your current make, model, and year.",No Keywords,0,0,1
https://www.schmittchevrolet.com/onstarnew/,OnStar & Connected Services | Jack Schmitt Chevrolet of Wood River,We keep you more protected and connected. Learn more about the OnStar and Connected Services available at Jack Schmitt Chevrolet of Wood River.,No Keywords,0,0,1
https://www.schmittchevrolet.com/reviews/,Reputation Reviews | Jack Schmitt Chevrolet of Wood River,Read what our customers are saying about us! Find actual reviews from customers who purchased a vehicle from our dealership.,No Keywords,0,0,1
https://www.schmittchevrolet.com/2020-chevrolet-malibu/,2020 Chevrolet Malibu Details | Jack Schmitt Chevrolet of Wood River,"Learn more about the 2020 Chevrolet Malibu and its price, specs, colors, and features available at Jack Schmitt Chevrolet of Wood River.",No Keywords,0,0,1
https://www.schmittchevrolet.com/2020-chevrolet-camaro/,2020 Chevrolet Camaro Details | Jack Schmitt Chevrolet of Wood River,"Learn more about the 2020 Chevy Camaro and its price, specs, colors, and features available at Jack Schmitt Chevrolet of Wood River.",No Keywords,0,0,1
https://www.schmittchevrolet.com/2020-chevrolet-corvette/,2020 Chevrolet Corvette Details | Jack Schmitt Chevrolet of Wood River,"Learn more about the 2020 Chevrolet Corvette and its price, specs, colors, and features available at Jack Schmitt Chevrolet of Wood River.",No Keywords,0,0,1
https://www.schmittchevrolet.com/2020-chevrolet-equinox/,2020 Chevrolet Equinox Details | Jack Schmitt Chevrolet of Wood River,"Learn more about the 2020 Chevrolet Equinox and its price, specs, colors, trims, and features available at Jack Schmitt Chevrolet of Wood River.",No Keywords,0,0,1
https://www.schmittchevrolet.com/2020-chevrolet-blazer/,2020 Chevrolet Blazer Details | Jack Schmitt Chevrolet of Wood River,"Learn more about the 2020 Chevrolet Blazer and its price, specs, colors, and features available at Jack Schmitt Chevrolet of Wood River.",No Keywords,0,0,1
https://www.schmittchevrolet.com/2020-chevrolet-traverse/,2020 Chevrolet Traverse Details | Jack Schmitt Chevrolet of Wood River,"Learn more about the 2020 Chevrolet Traverse and its price, specs, colors, and features available at Jack Schmitt Chevrolet of Wood River.",No Keywords,0,0,1
https://www.schmittchevrolet.com/2020-chevrolet-tahoe/,2020 Chevrolet Tahoe Details | Jack Schmitt Chevrolet of Wood River,"Learn more about the 2020 Chevy Tahoe and its price, specs, colors, and features available at Jack Schmitt Chevrolet of Wood River.",No Keywords,0,0,1
https://www.schmittchevrolet.com/2020-chevrolet-colorado/,2020 Chevrolet Colorado Details | Jack Schmitt Chevrolet of Wood River,"Learn more about the 2020 Chevrolet Colorado and its price, specs, colors, and features available at Jack Schmitt Chevrolet of Wood River.",No Keywords,0,0,1
https://www.schmittchevrolet.com/2020-chevrolet-silverado/,2020 Chevrolet Silverado Details | Jack Schmitt Chevrolet of Wood River,"Learn more about the 2020 Chevrolet Silverado and its price, specs, colors, and features available at Jack Schmitt Chevrolet of Wood River.",No Keywords,0,0,1
https://www.schmittchevrolet.com/2020-chevrolet-suburban/,2020 Chevrolet Suburban Details | Jack Schmitt Chevrolet of Wood River,"Learn more about the 2020 Chevrolet Suburban and its price, specs, colors, and features available at Jack Schmitt Chevrolet of Wood River.",No Keywords,0,0,1
https://www.schmittchevrolet.com/2020-chevrolet-trax/,2020 Chevrolet Trax Details | Jack Schmitt Chevrolet of Wood River,"Learn more about the 2020 Chevrolet Trax and its price, specs, colors, and features available at Jack Schmitt Chevrolet of Wood River.",No Keywords,0,0,1
https://www.schmittchevrolet.com/2020-chevrolet-silverado-hd/,2020 Chevrolet Silverado HD Details | Jack Schmitt Chevrolet of Wood River,"Learn more about the 2020 Chevrolet Silverado HD and its price, specs, colors, and features available at Jack Schmitt Chevrolet of Wood River.",No Keywords,0,0,1
https://www.schmittchevrolet.com/auto-parts-warranty/,Parts Warranty Coverage | Jack Schmitt Chevrolet of Wood River,Acquire protection for your vehicle's parts with Jack Schmitt Chevrolet of Wood River. Learn about our three levels of part warranties to see which option is best for you.,No Keywords,0,0,1
https://www.schmittchevrolet.com/chevroletspecialoffers/,Chevrolet Special Offers | Jack Schmitt Chevrolet of Wood River,"Teachers, college students, first responders, and military personnel may be eligible for special offers from Chevy. Learn more now!",No Keywords,0,0,1
https://www.schmittchevrolet.com/chevrolet-model-showroom/,Chevrolet Model Showroom | Jack Schmitt Chevrolet of Wood River,"View all the latest Chevrolet cars, trucks, SUVs and crossovers, available now at Jack Schmitt Chevrolet of Wood River.",No Keywords,0,0,1
https://www.schmittchevrolet.com/2021-chevrolet-trailblazer/,2021 Chevrolet Trailblazer Details | Jack Schmitt Chevrolet of Wood River,"Learn more about the 2021 Chevrolet Trailblazer and its price, specs, colors, trims, and features available at Jack Schmitt Chevrolet of Wood River.",No Keywords,0,0,1
https://www.schmittchevrolet.com/2021-chevrolet-malibu/,2021 Chevrolet Malibu Details | Jack Schmitt Chevrolet of Wood River,"Learn more about the 2021 Chevrolet Malibu and its price, specs, colors, and features available at Jack Schmitt Chevrolet of Wood River.",No Keywords,0,0,1
https://www.schmittchevrolet.com/2021-chevrolet-silverado-1500/,2021 Chevrolet Silverado 1500 Details | Jack Schmitt Chevrolet of Wood River,"Explore the hardworking, smart, bigger, yet lighter 2021 Silverado 1500, now available with a diesel engine that helps make it the most fuel-efficient pickup in America.",No Keywords,0,0,1
https://www.schmittchevrolet.com/2021-chevrolet-equinox/,2021 Chevrolet Equinox Details | Jack Schmitt Chevrolet of Wood River,"Learn more about the 2021 Chevrolet Equinox and its price, specs, colors, and features available at Jack Schmitt Chevrolet of Wood River.",No Keywords,0,0,1
https://www.schmittchevrolet.com/2021-chevrolet-blazer/,2021 Chevrolet Blazer Details | Jack Schmitt Chevrolet of Wood River,"Learn more about the 2021 Chevrolet Blazer and its price, specs, colors, and features available at Jack Schmitt Chevrolet of Wood River.",No Keywords,0,0,1
https://www.schmittchevrolet.com/2021-chevrolet-camaro/,2021 Chevrolet Camaro Details | Jack Schmitt Chevrolet of Wood River,"Learn more about the 2021 Chevrolet Camaro and its price, specs, colors, and features available at Jack Schmitt Chevrolet of Wood River.",No Keywords,0,0,1
https://www.schmittchevrolet.com/2021-chevrolet-silverado-hd/,2021 Chevrolet Silverado HD Details | Jack Schmitt Chevrolet of Wood River,"Learn more about the 2021 Chevrolet Silverado HD and its price, specs, colors, and features available at Jack Schmitt Chevrolet of Wood River.",No Keywords,0,0,1
https://www.schmittchevrolet.com/2021-chevrolet-corvette/,2021 Chevrolet Corvette Details | Jack Schmitt Chevrolet of Wood River,"Learn more about the 2021 Chevrolet Corvette and its price, specs, colors, and features available at Jack Schmitt Chevrolet of Wood River.",No Keywords,0,0,1
https://www.schmittchevrolet.com/2021-chevrolet-tahoe/,2021 Chevrolet Tahoe Details | Jack Schmitt Chevrolet of Wood River,"Learn more about the 2021 Chevrolet Tahoe and its price, specs, colors, and features available at Jack Schmitt Chevrolet of Wood River.",No Keywords,0,0,1
https://www.schmittchevrolet.com/2021-chevrolet-trax/,2021 Chevrolet Trax Details | Jack Schmitt Chevrolet of Wood River,"Explore the 2021 Chevy Trax with its pepped-up performance & agility, fun entertainment technologies and available active safety features.",No Keywords,0,0,1
https://www.schmittchevrolet.com/2021-chevrolet-suburban/,2021 Chevrolet Suburban Details | Jack Schmitt Chevrolet of Wood River,"Check out the all new 2021 Chevy Suburban Large SUV featuring more passenger space, best in class cargo volume, and a new Rear-Seat Media System.",No Keywords,0,0,1
https://www.schmittchevrolet.com/2021-chevrolet-traverse/,2021 Chevrolet Traverse Details | Jack Schmitt Chevrolet of Wood River,"Check out the all-new 2021 Chevy Traverse Large SUV featuring more passenger space, best in class cargo volume, and a new Rear-Seat Media System.",No Keywords,0,0,1
https://www.schmittchevrolet.com/2021-chevrolet-colorado/,2021 Chevrolet Colorado Details | Jack Schmitt Chevrolet of Wood River,"Learn more about the 2021 Chevrolet Colorado and its price, specs, colors, trims, and features available at Jack Schmitt Chevrolet of Wood River.",No Keywords,0,0,1
https://www.schmittchevrolet.com/2021-chevrolet-bolt-ev/,2021 Chevrolet Bolt EV specs and information | Jack Schmitt Chevrolet of Wood River,"Explore the easy to own the Bolt EV with simple convenient charging, less maintenance and strong acceleration make it fun to drive on any road.",No Keywords,0,0,1
https://www.schmittchevrolet.com/2022-chevrolet-bolt-ev/,2022 Chevrolet Bolt EV specs and information | Jack Schmitt Chevrolet of Wood River,"Explore the easy to own the Bolt EV with simple convenient charging, less maintenance and strong acceleration make it fun to drive on any road.",No Keywords,0,0,1
https://www.schmittchevrolet.com/2022-chevrolet-trailblazer/,Chevrolet Model Showroom | Jack Schmitt Chevrolet of Wood River,"View all the latest Chevrolet cars, trucks, SUVs and crossovers, available now at Jack Schmitt Chevrolet of Wood River.",No Keywords,0,0,1
https://www.schmittchevrolet.com/2022-chevrolet-trax/,2022 Chevy Trax Details | Jack Schmitt Chevrolet of Wood River,"Explore the 2022 Chevy Trax with its pepped-up performance and agility, entertainment technologies and available safety features. Learn more now.",No Keywords,0,0,1
https://www.schmittchevrolet.com/2023-chevrolet-corvette-z06/,2023 Chevrolet Corvette Z06 Specs & Features | Jack Schmitt Chevrolet of Wood River,"Discover the all-new 2023 Corvette Z06 performance vehicle which boasts an impressive, hand-built LT6 5.5L engine, 8-speed dual clutch transmission, & more.",No Keywords,0,0,1
https://www.schmittchevrolet.com/2023-chevrolet-silverado-hd/,2023 Chevrolet Silverado HD Details | Jack Schmitt Chevrolet of Wood River,"Learn more about the 2023 Chevrolet Silverado HD models and their price, specs, colors, and features available at Jack Schmitt Chevrolet of Wood River.",No Keywords,0,0,1
https://www.schmittchevrolet.com/2024-chevrolet-trax/,2024 Chevy Trax Details | Jack Schmitt Chevrolet of Wood River,"Explore the 2024 Chevy Trax with its pepped-up performance and agility, entertainment technologies and available safety features. Learn more now at Jack Schmitt Chevrolet of Wood River.",No Keywords,0,0,1
https://www.schmittchevrolet.com/2023-chevrolet-suburban/,2023 Chevrolet Suburban | Jack Schmitt Chevrolet of Wood River,No Description,No Keywords,0,1,1
https://www.schmittchevrolet.com/2023-chevrolet-colorado/,2023 Chevrolet Colorado Details | Jack Schmitt Chevrolet of Wood River,"Learn more about the 2023 Chevrolet Colorado and its price, specs, colors, trims, and features available at Jack Schmitt Chevrolet of Wood River",No Keywords,0,0,1
https://www.schmittchevrolet.com/2023-chevrolet-camaro/,2023 Chevrolet Camaro | Jack Schmitt Chevrolet of Wood River,No Description,No Keywords,0,1,1
https://www.schmittchevrolet.com/2023-chevrolet-equinox/,2023 Chevrolet Equinox | Jack Schmitt Chevrolet of Wood River,No Description,No Keywords,0,1,1
https://www.schmittchevrolet.com/2023-chevrolet-tahoe/,2023 Chevrolet Tahoe Trims & Specs | Jack Schmitt Chevrolet of Wood River,"Learn more about the 2023 Chevrolet Tahoe models and their price, specs, colors, and features available at Jack Schmitt Chevrolet of Wood River.",No Keywords,0,0,1
https://www.schmittchevrolet.com/2023-chevrolet-malibu/,2023 Chevrolet Malibu | Jack Schmitt Chevrolet of Wood River,No Description,No Keywords,0,1,1
https://www.schmittchevrolet.com/2023-chevrolet-silverado-ld/,2023 Chevy Silverado LD Features & Specs,"View the 2023 Chevy Silverado 1500 Light Duty Truck with Google Built-In compatibility, a 13.4-inch Diagonal Infotainment Screen, & available Super Cruise.",No Keywords,0,0,1
https://www.schmittchevrolet.com/2023-chevrolet-trailblazer/,2023 Chevrolet Trailblazer Specs & Details | Jack Schmitt Chevrolet of Wood River,No Description,No Keywords,0,1,1
https://www.schmittchevrolet.com/2023-chevrolet-blazer/,2023 Chevrolet Blazer colors & specs | Jack Schmitt Chevrolet of Wood River,"Check out the 2023 Chevy Blazer, known for its sporty design with noteworthy details such as glossy accents, available in-cabin leather, & modern technology.",No Keywords,0,0,1
https://www.schmittchevrolet.com/2023-chevrolet-traverse/,2023 Chevrolet Traverse trims & prices | Jack Schmitt Chevrolet of Wood River,"Learn more about the 2023 Chevrolet Traverse models and their prices, specs, colors, and features available at Jack Schmitt Chevrolet of Wood River.",No Keywords,0,0,1
https://www.schmittchevrolet.com/2022-chevrolet-silverado/,Chevrolet Model Showroom | Jack Schmitt Chevrolet of Wood River,"View all the latest Chevrolet cars, trucks, SUVs and crossovers, available now at Jack Schmitt Chevrolet of Wood River.",No Keywords,0,0,1
https://www.schmittchevrolet.com/2022-chevrolet-blazer/,Chevrolet Model Showroom | Jack Schmitt Chevrolet of Wood River,"View all the latest Chevrolet cars, trucks, SUVs and crossovers, available now at Jack Schmitt Chevrolet of Wood River.",No Keywords,0,0,1
https://www.schmittchevrolet.com/2022-chevrolet-equinox/,Chevrolet Model Showroom | Jack Schmitt Chevrolet of Wood River,"View all the latest Chevrolet cars, trucks, SUVs and crossovers, available now at Jack Schmitt Chevrolet of Wood River.",No Keywords,0,0,1
https://www.schmittchevrolet.com/2023-chevrolet-suburban/,2023 Chevrolet Suburban | Jack Schmitt Chevrolet of Wood River,No Description,No Keywords,0,1,1
https://www.schmittchevrolet.com/2024-chevrolet-trax/,2024 Chevy Trax Details | Jack Schmitt Chevrolet of Wood River,"Explore the 2024 Chevy Trax with its pepped-up performance and agility, entertainment technologies and available safety features. Learn more now at Jack Schmitt Chevrolet of Wood River.",No Keywords,0,0,1
https://www.schmittchevrolet.com/2023-chevrolet-silverado-hd/,2023 Chevrolet Silverado HD Details | Jack Schmitt Chevrolet of Wood River,"Learn more about the 2023 Chevrolet Silverado HD models and their price, specs, colors, and features available at Jack Schmitt Chevrolet of Wood River.",No Keywords,0,0,1
https://www.schmittchevrolet.com/2023-chevrolet-corvette-stingray/,2023 Chevrolet Corvette Stingray | Jack Schmitt Chevrolet of Wood River,"Learn more about the 2023 Chevrolet Corvette Stingray and its price, specs, colors, and features available at Jack Schmitt Chevrolet of Wood River.",No Keywords,0,0,1
https://www.schmittchevrolet.com/2024-chevrolet-silverado-hd/,2024 Chevrolet Silverado HD Details | Jack Schmitt Chevrolet of Wood River,"Learn more about the 2024 Chevrolet Silverado HD and its price, specs, colors, trims and features available at Jack Schmitt Chevrolet of Wood River",No Keywords,0,0,1
https://www.schmittchevrolet.com/2024-chevrolet-malibu/,2024 Chevrolet Malibu Features & Pricing | Jack Schmitt Chevrolet of Wood River,"The 2024 Chevy Malibu Mid-Size Family Car is equipped with eye-catching exterior design, comfortable sleek interior, and Chevy Safety Assist features.",No Keywords,0,0,1
https://www.schmittchevrolet.com/2024-chevrolet-equinox/,2024 Chevy Equinox Details | Jack Schmitt Chevrolet of Wood River,"With a spacious, details-focused interior and a distinctively stylish exterior, the 2024 Chevrolet Equinox is an SUV that makes a huge impression on anyone who drives it — or simply crosses its path. Learn more now at Jack Schmitt Chevrolet of Wood River.",No Keywords,0,0,1
https://www.schmittchevrolet.com/2024-chevrolet-trailblazer/,2024 Chevrolet Trailblazer details | Jack Schmitt Chevrolet of Wood River,"Meet the 2024 Chevy Trailblazer with an 11-inch diagonal touch screen, 54.4 cu. ft. of max cargo volume, 39.4 inches of rear-seat legroom, & its Bose audio system.",No Keywords,0,0,1
https://www.schmittchevrolet.com/2024-chevrolet-silverado-ld/,2024 Chevrolet Silverado LD,"Learn more about the 2024 Chevrolet Silverado LD and its price, specs, colors, and features available at Jack Schmitt Chevrolet of Wood River",No Keywords,0,0,1
https://www.schmittchevrolet.com/2024-chevrolet-blazer-ev/,2024 Blazer EV | Electric SUV For Sale in Wood River.,Discover the all-electric 2024 Blazer EV at Jack Schmitt Chevrolet of Wood River.,No Keywords,0,0,1
https://www.schmittchevrolet.com/2024-chevrolet-blazer/,2024 Chevrolet Blazer | Jack Schmitt Chevrolet of Wood River,No Description,No Keywords,0,1,1
https://www.schmittchevrolet.com/2024-chevrolet-camaro/,2024 Chevrolet Camaro | Jack Schmitt Chevrolet of Wood River,No Description,No Keywords,0,1,1
https://www.schmittchevrolet.com/2024-chevrolet-corvette-stingray/,2024 Chevrolet Corvette Stringray Details | Jack Schmitt Chevrolet of Wood River,"Experience the thrill of the 2024 Chevrolet Corvette Stingray mid-engine sports car stocked with 495 max available horsepower, an LT2 V8 Engine, & 470 lb-ft of Torque.",No Keywords,0,0,1
https://www.schmittchevrolet.com/2024-chevrolet-corvette-z06/,2024 Chevrolet Corvette Z06 Specs & Pricing | Jack Schmitt Chevrolet of Wood River,"Explore the 2024 Corvette Z06 supercar equipped with a LT6 5.5L mid-engine, an 8-speed dual-clutch transmission, & the ability to reach 0-60 in 2.6 seconds.",No Keywords,0,0,1
https://www.schmittchevrolet.com/2024-chevrolet-corvette-e-ray/,2024 Chevrolet Corvette E-Ray Details | Jack Schmitt Chevrolet of Wood River,"Explore the 2024 Corvette E-Ray, the apex electrified sports car. It combines a hybrid powertrain that delivers 650 hp & a 0-60 time of 2.5 seconds. Design yours today!",No Keywords,0,0,1
https://www.schmittchevrolet.com/2024-chevrolet-tahoe/,2024 Chevrolet Tahoe | Jack Schmitt Chevrolet of Wood River,No Description,No Keywords,0,1,1
https://www.schmittchevrolet.com/2024-chevrolet-suburban/,2024 Chevrolet Suburban | Jack Schmitt Chevrolet of Wood River,No Description,No Keywords,0,1,1
https://www.schmittchevrolet.com/2024-chevrolet-traverse/,The All-New 2024 Chevrolet Traverse | Jack Schmitt Chevrolet of Wood River,"The All-New 2024 Chevy Traverse Mid-Size SUV is equipped with best-in-class cargo volume, first-ever Z71 off-road trim, and advanced technology features.",No Keywords,0,0,1
https://www.schmittchevrolet.com/vehicle-configurator/,Chevrolet Build and Price | Jack Schmitt Chevrolet of Wood River,Use the Chevrolet Build and Price tool to build your own brand new Chevrolet vehicle and get a quote from Jack Schmitt Chevrolet of Wood River.,No Keywords,0,0,1
https://www.schmittchevrolet.com/complyauto-request-portal/,ComplyAuto Request Portal | Jack Schmitt Chevrolet of Wood River,Jack Schmitt Chevrolet of Wood River is committed to ensuring the privacy of your personal information. ComplyAuto Request Portal can help with that!,No Keywords,0,0,1
https://www.schmittchevrolet.com/privacy-policy/,Privacy Policy | Jack Schmitt Chevrolet of Wood River,Jack Schmitt Chevrolet of Wood River is committed to ensuring the privacy of your personal information.,No Keywords,0,0,1
https://www.schmittchevrolet.com/about-us/staff/,Jack Schmitt Chevrolet of Wood River Staff | Wood River Chevrolet Dealer,Each member of our Jack Schmitt Chevrolet of Wood River team is passionate about our Chevrolet vehicles and dedicated to providing the 100% customer satisfaction you expect.,No Keywords,0,0,1
https://www.schmittchevrolet.com/get-pre-qualified-with-capital-one-no-impact-to-your-credit-score/,Get pre-qualified with Capital One (no impact to your credit score) | Jack Schmitt Chevrolet of Wood River,No Description,No Keywords,0,1,1
https://www.schmittchevrolet.com/edmunds-trade-in/,Edmunds Trade-in | Jack Schmitt Chevrolet of Wood River,No Description,No Keywords,0,1,1
https://www.schmittchevrolet.com/2024-chevrolet-colorado/,2024 Chevy Colorado | Jack Schmitt Chevrolet of Wood River,No Description,No Keywords,0,1,1
https://www.schmittchevrolet.com/view-all-inventory/,All Inventory | Jack Schmitt Chevrolet of Wood River,No Description,No Keywords,0,1,1
https://www.schmittchevrolet.com/2024-chevrolet-equinox-ev/,2024 Chevrolet Equinox EV | Jack Schmitt Chevrolet of Wood River,No Description,No Keywords,0,1,1
https://www.schmittchevrolet.com/all-inventory/,All New & Used Inventory | Jack Schmitt Chevrolet of Wood River,No Description,No Keywords,0,1,1
https://www.schmittchevrolet.com/new-vehicles/ev-vehicles/,EV Vehicles | Jack Schmitt Chevrolet of Wood River,No Description,No Keywords,0,1,1
https://www.schmittchevrolet.com/chevy-ev-test-drive/,Chevrolet EV Test Drive | Jack Schmitt Chevrolet of Wood River,No Description,No Keywords,0,1,1
https://www.schmittchevrolet.com/chevrolet-american-cancer-society/,Making Strides Against Breast Cancer | Jack Schmitt Chevrolet of Wood River,No Description,No Keywords,0,1,1
https://www.schmittchevrolet.com/thank-you-for-scheduling-your-test-drive/,Thank you for scheduling your test drive | Jack Schmitt Chevrolet of Wood River,"Your business is important to us. One of our representatives will respond to your inquiry shortly. In the meanwhile, feel free to continue your experience",No Keywords,0,0,1
https://www.schmittchevrolet.com/proudly-serving-st-louis-mo/,"Proudly Serving St. Louis, MO | Jack Schmitt Chevrolet of Wood River","For drivers in St. Louis, MO, Jack Schmitt Chevrolet of Wood River is the dealership you can trust for an unbeatable selection of vehicles and exceptional",No Keywords,0,0,1
https://www.schmittchevrolet.com/hours-and-directions/,Hours and Directions | Jack Schmitt Chevrolet of Wood River,"Get Hours and Directions to Jack Schmitt Chevrolet of Wood River, Near Granite City, Edwardsville, Alton, and St. Louis",No Keywords,0,0,1
https://www.schmittchevrolet.com/proudly-serving-granite-city/,Proudly Serving Granite City | Jack Schmitt Chevrolet of Wood River,"For drivers in Granite City, IL, Jack Schmitt Chevrolet of Wood River is your trusted source for all your automotive needs. Our dealership boasts an",No Keywords,0,0,1
https://www.schmittchevrolet.com/proudly-serving-edwardsville-il-shoppers/,Proudly Serving Edwardsville IL Shoppers | Jack Schmitt Chevrolet of Wood River,"If you’re in Edwardsville, IL, and searching for your next vehicle, Jack Schmitt Chevrolet of Wood River is your one-stop shop. We offer an extensive",No Keywords,0,0,1
https://www.schmittchevrolet.com/return-exchange-policy/,Return & Exchange Policy | Jack Schmitt Chevrolet of Wood River,This page is here to fulfill the requirements of Google Merchant Center.  We do not accept returns. We do not allow exchanges. All purchases are final.,No Keywords,0,0,1
https://www.schmittchevrolet.com/2025-chevrolet-trax/,2025 Chevrolet Trax Jack Schmitt Chevrolet of Wood River,No Description,No Keywords,0,1,1
https://www.schmittchevrolet.com/used-vehicles/priced-under-20k/,"Used Cars under $20,000 near Collinsville | Jack Schmitt Chevrolet of Wood River","Looking for a used car you'll love under $20,000? See photos of our affordable pre-owned cars, trucks and SUVs online now.",No Keywords,0,0,1
https://www.schmittchevrolet.com/under-30k-miles/,Under 30K Miles | Jack Schmitt Chevrolet of Wood River,No Description,No Keywords,0,1,1
https://www.schmittchevrolet.com/chevy-accessibility/,Accessibility that doesn't sacrifice style | Jack Schmitt Chevrolet of Wood River,"Chevrolet is always looking for clever, purposeful solutions to help drivers with disabilities and their caregivers get through their everyday. Contact Jack Schmitt Chevrolet of Wood River to learn more.",No Keywords,0,0,1
https://www.schmittchevrolet.com/proudly-serviing-collinsville-il/,Proudly Serviing Collinsville IL | Jack Schmitt Chevrolet of Wood River,"If you're in Collinsville, IL, and looking for your next vehicle, Jack Schmitt Chevrolet of Wood River is your go-to destination. Our dealership offers a",No Keywords,0,0,1
https://www.schmittchevrolet.com/used-suvs-for-sale-near-collinsville/,Used SUVs For Sale Near Collinsville | Jack Schmitt Chevrolet of Wood River,Discover Quality Used SUVs Near Collinsville at Jack Schmitt Chevrolet of Wood River Are you searching for a dependable and stylish used SUV near,No Keywords,0,0,1
https://www.schmittchevrolet.com/used-suvs-for-sale-near-granite-city/,Used SUVs For Sale Near Granite City | Jack Schmitt Chevrolet of Wood River,Find Top-Quality Used SUVs Near Granite City at Jack Schmitt Chevrolet of Wood Are you on the lookout for a reliable and stylish used SUV near Granite,No Keywords,0,0,1
https://www.schmittchevrolet.com/used-suvs-for-sale-near-edwardsville/,Used SUVs For Sale Near Edwardsville | Jack Schmitt Chevrolet of Wood River,Explore Top-Quality Used SUVs Near Edwardsville at Jack Schmitt Chevrolet of Wood River If you're in the market for a reliable and stylish used SUV near,No Keywords,0,0,1
https://www.schmittchevrolet.com/2024-chevrolet-silverado-ev/,2024 Chevrolet Silverado EV | Jack Schmitt Chevrolet of Wood River,No Description,No Keywords,0,1,1
https://www.schmittchevrolet.com/certified-service-oil-change/,"Chevrolet Oil Change Service in Wood River, IL","Is your Chevrolet in need of an oil change? Our Certified Service experts know your vehicle and will make sure you get the right oil for your car's make, model and mileage.",No Keywords,0,0,1
https://www.schmittchevrolet.com/certified-service-brakes/,Brake Service & Repair from Jack Schmitt Chevrolet of Wood River,"Contact Jack Schmitt Chevrolet of Wood River to Schedule Brake Service & Repair with the Certified Service Experts in Wood River, IL.",No Keywords,0,0,1
https://www.schmittchevrolet.com/certified-service-battery/,Battery Service & Replacement from Jack Schmitt Chevrolet of Wood River,"Contact Jack Schmitt Chevrolet of Wood River to Schedule Battery Service & Replacement with the Certified Service Experts in Wood River, IL.",No Keywords,0,0,1
https://www.schmittchevrolet.com/new-tires/,Tire Center | Jack Schmitt Chevrolet of Wood River,The Certified Service experts at Jack Schmitt Chevrolet of Wood River are here to handle all of your tire needs. Come see us for your tire installation.,No Keywords,0,0,1
https://www.schmittchevrolet.com/used-trucks-for-sale/,Used Trucks For Sale | Jack Schmitt Chevrolet of Wood River,"Affordable, High-Quality Used Trucks in Wood River, IL Are you searching for affordable, reliable used trucks in or around Wood River, IL? Whether you're",No Keywords,0,0,1
https://www.schmittchevrolet.com/2025-chevrolet-silverado-1500/,2025 Chevrolet Silverado 1500 | Jack Schmitt Chevrolet of Wood River,"2025 Chevrolet Silverado 1500 – Built to Get the Job Done When you're searching for a truck that combines power, reliability, and comfort, the 2025",No Keywords,0,0,1
https://www.schmittchevrolet.com/2025-chevrolet-equinox/,2025 Chevrolet Equinox | Jack Schmitt Chevrolet of Wood River,"Drive Ahead with the 2025 Chevrolet Equinox Experience the perfect balance of reliability, capability, and style. The 2025 Chevrolet Equinox is built to",No Keywords,0,0,1
https://www.schmittchevrolet.com/2025-chevrolet-blazer/,2025 Chevrolet Blazer | Jack Schmitt Chevrolet of Wood River,"Check out the 2025 Chevy Blazer, known for its sporty design with noteworthy details such as glossy accents, available in-cabin leather, & modern technology.",No Keywords,0,0,1
https://www.schmittchevrolet.com/2025-chevrolet-silverado-ev/,2025 Chevrolet Silverado EV | Jack Schmitt Chevrolet of Wood River,The 2025 Chevy Silverado EV leads the charge with 440 miles of estimated range and innovative technology.,No Keywords,0,0,1
https://www.schmittchevrolet.com/protection-chevrolet/,Auto Protection Plans | Jack Schmitt Chevrolet of Wood River,Unexpected repairs can be costly. Learn more about the various protection plans available from Jack Schmitt Chevrolet of Wood River.,No Keywords,0,0,1
https://www.schmittchevrolet.com/my-rewards-chevrolet/,Rewards Program | Jack Schmitt Chevrolet of Wood River,Learn more about the Chevrolet Rewards Program available at Jack Schmitt Chevrolet of Wood River. Visit us today or call (618) 259-4900 for more information!,No Keywords,0,0,1
https://www.schmittchevrolet.com/pre-paid-maintenance-chevrolet/,Chevrolet Pre-Paid Maintenance | Jack Schmitt Chevrolet of Wood River,No Description,No Keywords,0,1,1
https://www.schmittchevrolet.com/protection-plan-chevrolet/,Chevrolet Protection Plan | Jack Schmitt Chevrolet of Wood River,Unexpected repairs can be costly. Learn more about the various protection plans available from Jack Schmitt Chevrolet of Wood River.,No Keywords,0,0,1
https://www.schmittchevrolet.com/gap-coverage-chevrolet/,Chevrolet GAP Coverage | Jack Schmitt Chevrolet of Wood River,Chevrolet GAP Coverage protects you from paying a loan on a vehicle that is a total loss. Learn more at Jack Schmitt Chevrolet of Wood River.,No Keywords,0,0,1
https://www.schmittchevrolet.com/tire-wheel-protection-chevrolet/,Chevrolet Tire & Wheel Protection Plan | Jack Schmitt Chevrolet of Wood River,"Check out the Tire & Wheel Protection Plans available from Chevrolet, and let Jack Schmitt Chevrolet of Wood River help you choose the right one for you.",No Keywords,0,0,1
https://www.schmittchevrolet.com/collision-and-body-shop/,Collision Service from the Experts | Jack Schmitt Chevrolet of Wood River,Get back on the road with quality collision repair. Let us help remove the stress at Jack Schmitt Chevrolet of Wood River today.,No Keywords,0,0,1
https://www.schmittchevrolet.com/ev-pre-paid-maintenance-chevrolet/,Chevrolet EV Pre-Paid Maintenance | Jack Schmitt Chevrolet of Wood River,No Description,No Keywords,0,1,1
https://www.schmittchevrolet.com/ev-protection-plan-chevrolet/,Chevrolet EV Protection Plan | Jack Schmitt Chevrolet of Wood River,No Description,No Keywords,0,1,1
https://www.schmittchevrolet.com/used-suvs-for-sale-in-wood-river/,Used SUVs For Sale In Wood River | Jack Schmitt Chevrolet of Wood River,"Find Your Perfect Used SUV at Jack Schmitt Chevrolet in Wood River Looking for reliable, high-quality SUVs at unbeatable prices? Jack Schmitt Chevrolet in",No Keywords,0,0,1
https://www.schmittchevrolet.com/used-pre-owned-suvs-near-alton/,Used & Certified Pre-Owned SUVs Near Alton | Jack Schmitt Chevrolet of Wood River,"Find Your Perfect Used SUV in Alton, IL Huge Selection. Incredible Value. Unmatched Quality. Looking for a reliable pre-owned SUV at an unbeatable price?",No Keywords,0,0,1
https://www.schmittchevrolet.com/proudly-serving-alton-il-residents/,"Proudly Serving Alton, IL Residents | Jack Schmitt Chevrolet of Wood River","Residents of Alton, IL, looking for a top-notch dealership experience can trust Jack Schmitt Chevrolet of Wood River for all their vehicle needs. We are",No Keywords,0,0,1
https://www.schmittchevrolet.com/frequently-asked-questions-about-shopping-for-a-used-pre-owned-vehicle/,Frequently Asked Questions About Shopping For A Used / Pre-Owned Vehicle | Jack Schmitt Chevrolet of Wood River,"Frequently Asked Questions About Shopping for Used Cars Buying a first car can feel overwhelming, especially if you're considering a used vehicle. With so",No Keywords,0,0,1
https://www.schmittchevrolet.com/new-vehicles/camaro/,"New Chevy Camaro for Sale in Wood River, IL","The Chevy Camaro puts a new spin on a classic sports car, and is now faster and more efficient than ever. Explore our available inventory now!",No Keywords,0,0,1
https://www.schmittchevrolet.com/new-vehicles/malibu/,"New Chevy Malibu for Sale in Wood River, IL","The Chevy Malibu sedan can act as a WiFi hotspot on the road, topping off its impressive array of convenience features. Explore our available inventory now!",No Keywords,0,0,1
https://www.schmittchevrolet.com/new-vehicles/chevrolet/,"New Chevrolet Vehicles for Sale in Wood River, IL",Browse pictures and detailed information about the great selection of new Chevrolet vehicles in the Jack Schmitt Chevrolet of Wood River online inventory.,No Keywords,0,0,1
https://www.schmittchevrolet.com/new-vehicles/commercial/,"New Commercial Vehicles for Sale in Wood River, IL",Browse pictures and detailed information about the great selection of new commercial vehicles in the Jack Schmitt Chevrolet of Wood River online inventory.,No Keywords,0,0,1
https://www.schmittchevrolet.com/new-vehicles/equinox/,"New Chevy Equinox for Sale in Wood River, IL","The Chevy Equinox is one of the most fuel efficient SUVs on the market, despite its powerful engine. Explore our available inventory now!",No Keywords,0,0,1
https://www.schmittchevrolet.com/new-vehicles/trax/,"New Chevy Trax for Sale in Wood River, IL",The Chevy Trax is a small AWD SUV designed with city drivers in mind. Check out its rearview camera and built-in WiFi and explore our inventory now!,No Keywords,0,0,1
https://www.schmittchevrolet.com/new-vehicles/bolt-euv/,New Chevy Bolt EUV For Sale in Wood River | Jack Schmitt Chevrolet of Wood River,"Discover the all-new Bolt EUV Electric Car offering available Super Cruise driving assistance, standard Dual Level Charging Cord and more. Inquire at Jack Schmitt Chevrolet of Wood River today!",No Keywords,0,0,1
https://www.schmittchevrolet.com/new-vehicles/bolt-ev/,"New Chevy Bolt EV for Sale in Wood River, IL",The Chevy Bolt EV gives you every reason to drive electric from a beautifully sculpted exterior to its impressive performance. Explore our available inventory now!,No Keywords,0,0,1
https://www.schmittchevrolet.com/new-vehicles/corvette/,"New Chevy Corvette for Sale in Wood River, IL",The new Chevy Corvette reintroduces the classic with enhanced performance and sleek new styling. Explore our available inventory now!,No Keywords,0,0,1
https://www.schmittchevrolet.com/new-vehicles/corvette-eray/,"New Chevy Corvette E-Ray for Sale in Wood River, IL",The 2025 Chevy Corvette E-Ray is a hybrid performance vehicle designed for all-seasons made with eAWD capability and an electrically powered front axle.,No Keywords,0,0,1
https://www.schmittchevrolet.com/new-vehicles/corvette-zr1/,"New Chevy Corvette ZR1 for Sale in Wood River, IL",The new Chevy Corvette reintroduces the ZR1 name with enhanced performance and sleek new styling. Experience precision design at Jack Schmitt Chevrolet of Wood River today.,No Keywords,0,0,1
https://www.schmittchevrolet.com/new-vehicles/traverse/,"New Chevy Traverse for Sale in Wood River, IL",The Chevy Traverse boasts class-leading cargo volume in a midsize SUV your family will love. Explore our available inventory now!,No Keywords,0,0,1
https://www.schmittchevrolet.com/new-vehicles/trailblazer/,"New Chevy Trailblazer for Sale in Wood River, IL","Spacious and bold, the trailblazer has enough room for your crew and cargo, without sacrificing style. Explore our available inventory now!",No Keywords,0,0,1
https://www.schmittchevrolet.com/new-vehicles/blazer-ev/,"New Chevy Blazer EV for Sale in Wood River, IL","Blazer EV is the complete package with style, performance and technology. Available in multiple trims, colors and battery ranges. Explore our inventory today!",No Keywords,0,0,1
https://www.schmittchevrolet.com/new-vehicles/equinox-ev/,"New Chevy Equinox EV for Sale in Wood River, IL","The first-ever all-electric 2024 Chevy Equinox EV is built with a balance of SUV capability, modern technology, & convenient features for your everyday life.",No Keywords,0,0,1
https://www.schmittchevrolet.com/new-vehicles/blazer/,"New Chevy Blazer for Sale in Wood River, IL","Available in three trims, the all-new Chevy Blazer has the attitude, design, and features that are perfect for your needs. Explore our available inventory now!",No Keywords,0,0,1
https://www.schmittchevrolet.com/new-vehicles/traverse-limited/,New Chevy Traverse Limited for Sale in Wood River | Jack Schmitt Chevrolet of Wood River,"The 2024 Traverse Limited midsize SUV is equipped with innovative tech and safety features, spacious seating, and best-in-class cargo space. Explore our inventory now!",No Keywords,0,0,1
https://www.schmittchevrolet.com/new-vehicles/silverado-2500/,"New Chevy Silverado 2500HD for Sale in Wood River, IL","The Chevy Silverado 2500HD is a dependable truck built for heavy-duty jobs. Tow up to 14,800 lbs with its standard VortecTM 6.0L V8. Explore our inventory!",No Keywords,0,0,1
https://www.schmittchevrolet.com/new-vehicles/silverado-1500/,"New Chevy Silverado 1500 for Sale in Wood River, IL",The Chevy Silverado 1500 boasts V6 and V8 engine options and a quiet cabin equipped with the latest tech features. Explore our available inventory now!,No Keywords,0,0,1
https://www.schmittchevrolet.com/new-vehicles/silverado-1500-ltd/,New Chevy Silverado 1500 LTD For Sale in Wood River | Jack Schmitt Chevrolet of Wood River,The Chevy Silverado 1500 LTD brings raw power and technology together for a combination capable enough to handle any job. Browse our inventory online today!,No Keywords,0,0,1
https://www.schmittchevrolet.com/new-vehicles/colorado/,"New Chevy Colorado for Sale in Wood River, IL","The Chevy Colorado is spacious, surprisingly fuel efficient, and can haul just about anything. Explore our available inventory now!",No Keywords,0,0,1
https://www.schmittchevrolet.com/new-vehicles/suburban/,"New Chevy Suburban for Sale in Wood River, IL","The Chevy Suburban has room for up to 9 passengers and an 8,000+ lb towing capacity. Explore our available inventory now!",No Keywords,0,0,1
https://www.schmittchevrolet.com/new-vehicles/tahoe/,"New Chevy Tahoe for Sale in Wood River, IL","The Chevy Tahoe's fold-flat seats, class-leading fuel economy, and cutting-edge technology make it the perfect full-size SUV. Explore our available inventory now!",No Keywords,0,0,1
https://www.schmittchevrolet.com/new-vehicles/express-cutaway/,"New Chevy Express Cutaway for Sale in Wood River, IL",The Chevrolet Express Cutaway Van comes equipped with a full frame design making it capable of handling a wide variety of upfit types. Explore our inventory now!,No Keywords,0,0,1
https://www.schmittchevrolet.com/new-vehicles/express-cargo/,"New Chevy Express Cargo for Sale in Wood River, IL",The Chevy Express Cargo comes in 2500 and 3500 models that can be customized for your business's needs. Explore our available inventory now!,No Keywords,0,0,1
https://www.schmittchevrolet.com/new-vehicles/express-passenger/,"New Chevy Express Passenger for Sale in Wood River, IL","With standard seating for 12 and optional seating for 15, the new Chevrolet Express Passenger van is ready to take you where you need to go. Explore our inventory now!",No Keywords,0,0,1
https://www.schmittchevrolet.com/new-vehicles/silverado-ev/,"New Chevy Silverado EV for Sale in Wood River, IL","Silverado EV is the complete package with style, performance and technology. Available in multiple trims, colors and battery ranges. Explore our inventory today!",No Keywords,0,0,1
https://www.schmittchevrolet.com/new-vehicles/silverado-hd/,"New Chevy Silverado HD Trucks for Sale in Wood River, IL","Available in several heavy duty options, the Chevrolet Silverado HD brings strength, dependability, and durability to any job. Explore our available inventory now!",No Keywords,0,0,1
https://www.schmittchevrolet.com/new-vehicles/low-cab-forward/,"New Chevy Low Cab Forward for Sale in Wood River, IL","The Low Cab Forward has customizable options for cabs, engines, wheelbases and upfits that allow you to design the vehicle that meets your needs. Explore our inventory now!",No Keywords,0,0,1
https://www.schmittchevrolet.com/new-vehicles/silverado-4500-hd/,"New Chevy Silverado 4500 HD for Sale in Wood River, IL","The Chevrolet Silverado 4500 HD brings strength, dependability, and durability to any job site. Explore our available inventory now!",No Keywords,0,0,1
https://www.schmittchevrolet.com/new-vehicles/silverado-3500/,"New Chevy Silverado 3500HD for Sale in Wood River, IL",The Chevy Silverado 3500HD strength and confidence goes on for miles to haul the big loads with ease. Explore our available inventory now!,No Keywords,0,0,1
https://www.schmittchevrolet.com/new-vehicles/silverado-3500-chassis-cab/,"New Chevy Silverado 3500 Chassis Cab for Sale in Wood River, IL",The Silverado 3500 Chassis Cab takes the power of the truck you trust and adds customization. Choose from a variety of upfit options. Explore our inventory!,No Keywords,0,0,1
https://www.schmittchevrolet.com/new-vehicles/chevrolet-commercial/,"New Chevy Commercial Vehicles for Sale in Wood River, IL",Browse pictures and detailed information about the great selection of new Chevy commercial vehicles in the Jack Schmitt Chevrolet of Wood River online inventory.,No Keywords,0,0,1
https://www.schmittchevrolet.com/new-vehicles/silverado/,"New Chevy Silverado Models for Sale in Wood River, IL",The Chevy Silverado line is filled with powerful and capable trucks with the latest tech features for Wood River drivers. Explore our inventory now!,No Keywords,0,0,1
https://www.schmittchevrolet.com/new-vehicles/silverado-6500-hd/,"New Chevy Silverado 6500 HD for Sale in Wood River, IL","With excellent maneuverability and advanced technology, the Silverado 6500 HD was built for the toughest jobs. Explore our available inventory now!",No Keywords,0,0,1
https://www.schmittchevrolet.com/new-vehicles/silverado-5500-hd/,"New Chevy Silverado 5500 HD for Sale in Wood River, IL","No matter how hard the task, the Silverado 5500 HD is ready to take on the needs of your business. Explore our available inventory today!",No Keywords,0,0,1
https://www.schmittchevrolet.com/new-vehicles/silverado-ld/,"New Chevy Silverado Limited for Sale in Wood River, IL",Browse our Chevrolet Silverado Limited inventory today!,No Keywords,0,0,1
https://www.schmittchevrolet.com/new-vehicles/brightdrop-400/,"BrightDrop 400 for Sale in Wood River, IL","The Chevrolet BrightDrop is the all-purpose, all-electric walk-in van that can help make your business operations smooth and seamless. Engineered with drivers in mind, it offers multiple range options, generous interior cab space and tech-enabled driving that help make work efficient.",No Keywords,0,0,1
https://www.schmittchevrolet.com/new-vehicles/brightdrop-600/,"BrightDrop 600 for Sale in Wood River, IL","The Chevrolet BrightDrop is the all-purpose, all-electric walk-in van that can help make your business operations smooth and seamless. Engineered with drivers in mind, it offers multiple range options, generous interior cab space and tech-enabled driving that help make work efficient.",No Keywords,0,0,1
